{"fuzzywuzzy_spacy": 0.2, "zero_shot_classifier": 0.20909090909090908, "opentapioca": 0.01818181818181818, "falcon": 0.06363636363636363, "wikifier": 0.44545454545454544, "opentapioca_el": 0.39090909090909093, "falcon_el": 0.3, "gptj_el": 0.5909090909090909, "gptj_el_types": 0.6727272727272727}
