{"opentapioca": 0.01818181818181818, "falcon": 0.06363636363636363, "wikifier": 0.44545454545454544, "opentapioca_el": 0.39090909090909093, "falcon_el": 0.3, "gpt_direct": 0.5909090909090909, "gpt_direct_types": 0.6727272727272727}